tolerance_pct,pattern_count,weighted_mean_deviation_pct
0.3,11,0.26670061099796327
0.4,7,0.31221995926680257
0.5,7,0.3372505091649695
0.6,5,0.40480651731160894
0.8,4,0.5355193482688391
1.0,2,0.6795926680244402
